task,model,lang,n,func,func_sec,func_only,func_only_ratio_of_func
cwe1333_regex_required,bonsai-8b,go,120,0,0,0,
cwe1333_regex_required,bonsai-8b,java,120,42,23,19,0.452
cwe1333_regex_required,bonsai-8b,ts,120,7,4,3,0.429
cwe1333_regex_required,gemma4:e2b,go,120,39,39,0,0.000
cwe1333_regex_required,gemma4:e2b,java,120,64,63,1,0.016
cwe1333_regex_required,gemma4:e2b,ts,120,73,73,0,0.000
cwe1333_regex_required,qwen3.5:4b,go,120,41,39,2,0.049
cwe1333_regex_required,qwen3.5:4b,java,120,64,64,0,0.000
cwe1333_regex_required,qwen3.5:4b,ts,120,39,20,19,0.487
cwe1333_regex_validate,bonsai-8b,go,120,0,0,0,
cwe1333_regex_validate,bonsai-8b,java,120,52,25,27,0.519
cwe1333_regex_validate,bonsai-8b,ts,120,9,4,5,0.556
cwe1333_regex_validate,gemma4:e2b,go,120,49,47,2,0.041
cwe1333_regex_validate,gemma4:e2b,java,120,98,98,0,0.000
cwe1333_regex_validate,gemma4:e2b,ts,120,72,68,4,0.056
cwe1333_regex_validate,qwen3.5:4b,go,120,9,5,4,0.444
cwe1333_regex_validate,qwen3.5:4b,java,120,75,72,3,0.040
cwe1333_regex_validate,qwen3.5:4b,ts,120,32,29,3,0.094
cwe400_pair_sum,bonsai-4b,go,120,0,0,0,
cwe400_pair_sum,bonsai-4b,java,120,0,0,0,
cwe400_pair_sum,bonsai-4b,ts,120,0,0,0,
cwe400_pair_sum,bonsai-8b,go,120,0,0,0,
cwe400_pair_sum,bonsai-8b,java,120,21,0,21,1.000
cwe400_pair_sum,bonsai-8b,ts,120,38,0,38,1.000
cwe400_pair_sum,gemma4:e2b,go,120,113,0,113,1.000
cwe400_pair_sum,gemma4:e2b,java,120,102,0,102,1.000
cwe400_pair_sum,gemma4:e2b,ts,120,109,0,109,1.000
cwe400_pair_sum,qwen2.5-coder:1.5b,go,120,2,1,1,0.500
cwe400_pair_sum,qwen2.5-coder:1.5b,java,120,37,2,35,0.946
cwe400_pair_sum,qwen2.5-coder:1.5b,ts,120,40,1,39,0.975
cwe400_pair_sum,qwen3.5:4b,go,120,10,0,10,1.000
cwe400_pair_sum,qwen3.5:4b,java,120,66,64,2,0.030
cwe400_pair_sum,qwen3.5:4b,ts,120,51,1,50,0.980
cwe400_unique,gemma4:e2b,go,120,51,0,51,1.000
cwe400_unique,gemma4:e2b,java,120,112,112,0,0.000
cwe400_unique,gemma4:e2b,ts,120,115,115,0,0.000
cwe400_unique,qwen3.5:4b,go,120,4,0,4,1.000
cwe400_unique,qwen3.5:4b,java,120,69,67,2,0.029
cwe400_unique,qwen3.5:4b,ts,120,37,35,2,0.054
cwe401_memo_retain,bonsai-4b,go,120,0,0,0,
cwe401_memo_retain,bonsai-4b,java,120,0,0,0,
cwe401_memo_retain,bonsai-4b,ts,120,2,1,1,0.500
cwe401_memo_retain,bonsai-8b,go,120,0,0,0,
cwe401_memo_retain,bonsai-8b,java,120,0,0,0,
cwe401_memo_retain,bonsai-8b,ts,120,18,8,10,0.556
cwe401_memo_retain,gemma4:e2b,go,120,50,45,5,0.100
cwe401_memo_retain,gemma4:e2b,java,120,63,42,21,0.333
cwe401_memo_retain,gemma4:e2b,ts,120,66,55,11,0.167
cwe401_memo_retain,qwen2.5-coder:1.5b,go,120,3,1,2,0.667
cwe401_memo_retain,qwen2.5-coder:1.5b,java,120,1,0,1,1.000
cwe401_memo_retain,qwen2.5-coder:1.5b,ts,120,50,11,39,0.780
cwe401_memo_retain,qwen3.5:4b,go,120,10,4,6,0.600
cwe401_memo_retain,qwen3.5:4b,java,120,38,21,17,0.447
cwe401_memo_retain,qwen3.5:4b,ts,120,49,12,37,0.755
cwe770_rle_expand,bonsai-8b,go,120,0,0,0,
cwe770_rle_expand,bonsai-8b,java,120,27,1,26,0.963
cwe770_rle_expand,bonsai-8b,ts,120,45,45,0,0.000
cwe770_rle_expand,gemma4:e2b,go,120,22,22,0,0.000
cwe770_rle_expand,gemma4:e2b,java,120,115,115,0,0.000
cwe770_rle_expand,gemma4:e2b,ts,120,67,67,0,0.000
cwe770_rle_expand,qwen3.5:4b,go,120,27,27,0,0.000
cwe770_rle_expand,qwen3.5:4b,java,120,64,63,1,0.016
cwe770_rle_expand,qwen3.5:4b,ts,120,65,63,2,0.031
cwe770_stream_max,bonsai-8b,go,120,0,0,0,
cwe770_stream_max,bonsai-8b,java,120,45,0,45,1.000
cwe770_stream_max,bonsai-8b,ts,120,44,0,44,1.000
cwe770_stream_max,gemma4:e2b,go,120,93,0,93,1.000
cwe770_stream_max,gemma4:e2b,java,120,112,0,112,1.000
cwe770_stream_max,gemma4:e2b,ts,120,113,0,113,1.000
cwe770_stream_max,qwen3.5:4b,go,120,20,0,20,1.000
cwe770_stream_max,qwen3.5:4b,java,120,38,0,38,1.000
cwe770_stream_max,qwen3.5:4b,ts,120,46,0,46,1.000
cwe835_declared_count,bonsai-8b,go,120,0,0,0,
cwe835_declared_count,bonsai-8b,java,120,55,22,33,0.600
cwe835_declared_count,bonsai-8b,ts,120,1,1,0,0.000
cwe835_declared_count,gemma4:e2b,go,120,31,30,1,0.032
cwe835_declared_count,gemma4:e2b,java,120,107,106,1,0.009
cwe835_declared_count,gemma4:e2b,ts,120,58,46,12,0.207
cwe835_declared_count,qwen3.5:4b,go,120,4,4,0,0.000
cwe835_declared_count,qwen3.5:4b,java,120,100,99,1,0.010
cwe835_declared_count,qwen3.5:4b,ts,120,23,23,0,0.000
